# Stone poses after Tim Daw, stonehenge-block-3d, data/locked_poses.json
# commit 52e81ba412dfd6c912937b3b1212d962be67c21a, generated_at 2026-09-20T06:10:20Z, frame OSGB (British National Grid, metres)
# Licence CC BY-SA 4.0 (c) 2026 Tim Daw. Digitised from the M J Rees & Co 1989/90 survey,
# Historic England Archive MP/STO0861. yaw_deg is anticlockwise from grid east along the width axis.
# accuracy_class is Daw's own grade; seed_only and plan_digitised are placeholders, not survey.
petrie,role,status,e_m,n_m,yaw_deg,z_base_m,width_m,thickness_m,length_m,height_m,footprint_along_m,footprint_across_m,accuracy_class,height_source,hole_e_m,hole_n_m
1,sarsen_upright,standing,412258.301,142202.371,-59.9,0.0,1.993,1.22,,4.23,1.993,1.22,plan_locked,,,
2,sarsen_upright,standing,412259.927,142199.705,-75.77,0.0,2.032,1.325,,4.27,2.032,1.325,plan_locked,,,
3,sarsen_upright,standing,412260.779,142196.663,-76.45,0.0,1.81,1.196,,4.16,1.81,1.196,locked,,,
4,sarsen_upright,standing,412260.937,142193.566,86.65,0.0,1.963,0.977,,4.27,1.963,0.977,locked,,,
5,sarsen_upright,standing,412260.708,142190.552,77.32,0.0,1.521,0.854,,4.27,1.521,0.854,locked,,,
6,sarsen_upright,standing,412259.575,142187.198,63.45,0.0,2.221,1.016,,4.19,2.221,1.016,locked,,,
7,sarsen_upright,standing,412257.893,142184.262,58.28,0.0,1.863,1.005,,4.113,1.863,1.005,plan_locked_auto,,,
8,sarsen_upright,stump_or_low,412257.4,142180.255,-58.74,0.0,2.024,1.635,,0.66,2.024,1.635,locked,Cleal App.5 AGL,,
9a,sarsen_upright,fallen_fragment,412253.516,142179.51,32.41,0.0,1.893,1.506,,0.76,1.893,1.506,locked,Cleal App.5 AGL,,
9b,sarsen_upright,fallen_fragment,412254.621,142177.54,-39.66,0.0,2.294,1.731,,0.76,2.294,1.731,locked,Cleal App.5 AGL,,
10,sarsen_upright,standing,412249.862,142179.242,9.15,0.0,2.123,0.983,,3.96,2.123,0.983,locked,,,
11,sarsen_upright,standing,412247.017,142178.247,6.63,0.0,1.12,0.901,,2.74,1.12,0.901,locked,Cleal App.5 AGL,,
12,sarsen_upright,stump_or_low,412243.784,142177.022,-79.39,0.0,5.23,1.963,,0.53,5.23,1.963,locked,Cleal App.5 AGL,,
14,sarsen_upright,stump_or_low,412238.975,142182.328,-36.76,0.0,2.087,4.88,,1.06,2.087,4.88,locked,Cleal App.5 AGL,,
15,sarsen_upright,stump_or_low,412237.373,142185.574,-41.11,0.0,1.887,1.361,,0.86,1.887,1.361,locked,Cleal App.5 AGL,,
16,sarsen_upright,standing,412232.637,142185.075,-52.01,0.0,1.911,1.383,,4.27,1.911,1.383,locked,,,
19,sarsen_upright,stump_or_low,412227.435,142194.339,87.01,0.0,2.334,2.894,,0.41,2.334,2.894,locked,Cleal App.5 AGL,,
21,sarsen_upright,standing,412231.638,142200.354,56.29,0.0,1.416,1.122,,3.96,1.416,1.122,locked_medium_conf,,,
22,sarsen_upright,standing,412233.334,142203.115,52.03,0.0,1.777,0.929,,3.99,1.777,0.929,locked,,,
23,sarsen_upright,standing,412235.653,142205.228,39.51,0.0,2.002,0.682,,3.81,2.002,0.682,plan_locked_auto,,,
25,sarsen_upright,stump_or_low,412239.153,142209.126,7.99,0.0,4.387,2.046,,0.81,4.387,2.046,locked,Cleal App.5 AGL,,
26,sarsen_upright,stump_or_low,412243.944,142209.07,5.46,0.0,2.046,1.671,,0.41,2.046,1.671,locked,Cleal App.5 AGL,,
27,sarsen_upright,standing,412247.57,142208.888,-11.92,0.0,1.981,1.062,,3.96,1.981,1.062,locked,Cleal App.5 standing,,
28,sarsen_upright,standing,412250.658,142208.396,-24.31,0.0,1.905,1.178,,3.96,1.905,1.178,plan_locked_auto,,,
29,sarsen_upright,standing,412253.578,142206.972,-23.16,0.0,1.906,1.192,,4.066,1.906,1.192,locked,,,
30,sarsen_upright,standing,412256.216,142205.129,-49.48,0.0,2.085,1.392,,4.104,2.085,1.392,plan_locked,,,
31,bluestone,standing,412255.51,142200.468,-58.41,0.0,1.136,0.658,,1.88,1.136,0.658,plan_locked,cleal_app5_banton,,
32,bluestone,standing,412256.739,142195.448,-0.74,0.0,1.369,0.851,,1.0,1.369,0.851,plan_locked,placeholder,,
33,bluestone,empty_socket_placeholder,412256.803,142188.478,69.73,0.0,0.5,0.35,,1.68,0.5,0.35,plan_locked,,,
34,bluestone,standing,412251.171,142183.176,30.21,0.0,1.062,0.69,,0.97,1.062,0.69,plan_locked,cleal_app5_banton,,
35,bluestone,empty_socket_placeholder,412249.901,142182.547,125.66,0.0,0.5,0.35,,1.0,0.5,0.35,plan_locked,,,
36,bluestone,standing,412244.011,142181.064,71.1,0.0,1.263,0.819,,1.0,1.263,0.819,plan_locked,stones3d,,
37,bluestone,standing,412242.636,142183.036,-15.63,0.0,1.022,0.38,,1.27,1.022,0.38,plan_locked,cleal_app5_banton,,
38,bluestone,standing,412240.196,142183.94,18.22,0.0,0.942,0.66,,1.0,0.942,0.66,plan_locked,stones3d,,
39,bluestone,standing,412238.789,142184.948,50.36,0.0,1.217,0.602,,1.0,1.217,0.602,plan_locked,stones3d,,
40,bluestone,empty_socket_placeholder,412233.688,142190.501,84.38,0.0,0.55,0.5,,1.0,0.55,0.5,plan_locked,,,
41,bluestone,standing,412232.682,142191.765,57.39,0.0,1.976,0.544,,1.0,1.976,0.544,plan_locked,stones3d,,
42,bluestone,standing,412236.219,142200.241,-79.56,0.0,1.746,0.835,,1.0,1.746,0.835,plan_locked,stones3d,,
43,bluestone,standing,412238.907,142203.439,101.79,0.0,1.145,0.78,,1.0,1.145,0.78,plan_locked,stones3d,,
44,bluestone,standing,412240.318,142200.954,64.34,0.0,1.121,0.956,,1.0,1.121,0.956,plan_locked,stones3d,,
45,bluestone,standing,412241.723,142205.672,-74.18,0.0,2.398,0.819,,1.0,2.398,0.819,plan_locked,stones3d,,
46,bluestone,standing,412249.689,142205.048,-24.59,0.0,0.891,0.61,,0.96,0.891,0.61,plan_locked,cleal_app5_banton,,
47,bluestone,standing,412251.312,142204.521,-31.31,0.0,1.096,0.673,,1.45,1.096,0.673,plan_locked,cleal_app5_banton,,
48,bluestone,standing,412252.02,142203.125,-50.78,0.0,1.188,0.712,,1.0,1.188,0.712,plan_locked,stones3d,,
49,bluestone,standing,412253.726,142202.268,-40.79,0.0,1.105,0.439,,1.9,1.105,0.439,plan_locked,cleal_app5_banton,,
51,trilithon_upright,standing,412254.217,142191.6,48.27,0.0,2.487,1.032,,5.182,2.487,1.032,locked,cleal_app5_or_scene,,
52,trilithon_upright,standing,412252.31,142189.543,46.44,0.0,2.535,1.19,,5.08,2.535,1.19,locked,cleal_app5_or_scene,,
53,trilithon_upright,standing,412247.553,142186.658,25.89,0.0,2.25,1.047,,5.18,2.25,1.047,locked,cleal_app5_or_scene,,
54,trilithon_upright,standing,412245.303,142185.542,22.59,0.0,2.328,1.154,,5.18,2.328,1.154,locked,cleal_app5_or_scene,,
55a,trilithon_upright,fallen,412240.017,142187.533,49.18,0.0,4.327,2.343,,1,4.327,2.343,locked,placeholder_fallen_agl,,
55b,trilithon_upright,fallen,412242.776,142190.677,47.8,0.0,3.831,2.162,,1,3.831,2.162,locked,placeholder_fallen_agl,,
56,trilithon_upright,standing,412238.308,142189.509,-40.73,0.0,2.072,0.765,,6.55,2.072,0.765,locked,cleal_app5_or_scene,,
57,trilithon_upright,standing,412237.433,142194.835,58.94,0.0,2.468,0.947,,5.18,2.468,0.947,locked,cleal_app5_or_scene,,
58,trilithon_upright,standing,412238.835,142197.292,59.91,0.0,2.521,1.043,,5.212,2.521,1.043,locked,cleal_app5_or_scene,,
59a,trilithon_upright,fallen_fragment,412243.198,142199.908,-39.36,0.0,3.993,2.15,,1,3.993,2.15,locked,placeholder_fallen_agl,,
59b,trilithon_upright,fallen_fragment,412245.161,142197.898,22.56,0.0,2.045,1.041,,1,2.045,1.041,locked,placeholder_fallen_agl,,
59c,trilithon_upright,fallen_fragment,412245.826,142196.627,32.96,0.0,2.093,1.055,,1,2.093,1.055,locked,placeholder_fallen_agl,,
60,trilithon_upright,standing,412244.587,142202.564,29.07,0.0,2.327,1.088,,5.03,2.327,1.088,locked,cleal_app5_or_scene,,
61,bluestone,standing,412253.223,142193.014,-132.67,0.0,0.632,0.401,,1.75,0.632,0.401,locked,cleal_app5_or_scene,,
61a,bluestone,standing,412251.79,142191.754,-90.99,0.0,0.419,0.2,,0.5,0.419,0.2,locked,placeholder_stump,,
62,bluestone,standing,412250.079,142189.715,-129.09,0.0,0.533,0.454,,2.03,0.533,0.454,locked,cleal_app5_or_scene,,
63,bluestone,standing,412248.734,142188.726,28.52,0.0,0.739,0.438,,2.11,0.739,0.438,locked,cleal_app5_or_scene,,
64,bluestone,standing,412245.474,142187.925,179.06,0.0,0.359,0.2,,1,0.359,0.2,locked,placeholder,,
65,bluestone,standing,412243.85,142188.157,-115.24,0.0,0.35,0.8,,1,0.35,0.8,locked,placeholder,,
67,bluestone,standing,412240.506,142191.634,-84.86,0.0,2.478,0.861,,1,2.478,0.861,locked,placeholder,,
68,bluestone,fallen,412239.87,142191.677,-109.65,0.0,0.952,0.619,,2.49,0.952,0.619,locked,cleal_app5_banton,,
69,bluestone,standing,412239.365,142194.636,-165.15,0.0,0.504,0.385,,2.59,0.504,0.385,locked,cleal_app5_or_scene,,
70,bluestone,standing,412240.22,142196.165,-114.66,0.0,0.657,0.353,,2.34,0.657,0.353,locked,cleal_app5_or_scene,,
71,bluestone,standing,412243.342,142200.359,-135.07,0.0,1.599,0.35,,1,1.599,0.35,locked,placeholder,,
72,bluestone,fallen,412244.677,142201.178,-147.94,0.0,1.023,0.555,,1,1.023,0.555,locked,placeholder,,
80,altar,recumbent,412243.118,142192.177,-40.82,,4.63,1.003,,0.1,4.63,1.003,locked,pink,,
91,station_stone,standing,412285.696,142173.451,-37.04,0.0,2.466,1.389,,1.0,2.466,1.389,seed_only,scene.json (AGL placeholder — no OD seating yet),412284.712,142174.194
92,station_stone,standing,412258.835,142151.708,0.0,0.0,1.2,1.2,,1.0,1.2,1.2,plan_digitised,placeholder 1.0 m AGL — no OD seating,,
93,station_stone,standing,412207.09,142212.978,66.01,0.0,1.095,0.746,,1.22,1.095,0.746,seed_only,scene.json (AGL placeholder — no OD seating yet),,
94,station_stone,standing,412232.264,142234.366,0.0,0.0,1.2,1.2,,1.0,1.2,1.2,plan_digitised,placeholder 1.0 m AGL — no OD seating,,
95,slaughter_stone,standing,412280.421,142221.26,50.0,0.0,6.447,2.066,,1.0,6.447,2.066,seed_only,scene.json (AGL placeholder — no OD seating yet),,
96,heelstone,standing,412306.629,142243.653,-34.33,0.0,2.351,2.021,,4.57,2.351,2.021,seed_only,scene.json (AGL placeholder — no OD seating yet),,
101,sarsen_lintel,present,412257.258,142203.75,-54.69,0.0,3.604,1.05,3.604,0.8,3.604,1.05,thickness_normed,vertical thickness normed so top OD = lintel 101 top OD (2026-09-19),,
102,sarsen_lintel,present,412259.114,142201.038,-58.62,0.0,3.123,1.05,3.123,0.728,3.123,1.05,thickness_normed,vertical thickness normed so top OD = lintel 101 top OD (2026-09-19),,
105,sarsen_lintel,present,412260.823,142192.059,85.66,0.0,3.023,1.05,3.023,0.6175,3.023,1.05,thickness_normed,vertical thickness normed so top OD = lintel 101 top OD (2026-09-19),,
107,sarsen_lintel,present,412258.734,142185.73,60.87,0.0,3.268,1.05,3.268,0.7065,3.268,1.05,thickness_normed,vertical thickness normed so top OD = lintel 101 top OD (2026-09-19),,
120,sarsen_lintel,fallen,412227.842,142196.34,0.93,0.0,1.607,0.99,,0.8,1.607,0.99,locked,default fallen lintel vertical 0.80 m,,
122,sarsen_lintel,present,412232.486,142201.734,58.44,0.0,3.24,1.05,3.24,0.682,3.24,1.05,thickness_normed,vertical thickness normed so top OD = lintel 101 top OD (2026-09-19),,
127,sarsen_lintel,fallen,412245.672,142209.732,81.38,0.0,2.342,0.793,,0.8,2.342,0.793,locked,default fallen lintel vertical 0.80 m,,
130,sarsen_lintel,present,412254.897,142206.051,-36.32,0.0,3.119,1.05,3.119,0.718,3.119,1.05,thickness_normed,vertical thickness normed so top OD = lintel 101 top OD (2026-09-19),,
150,bluestone_lintel,fallen,412256.833,142196.463,52.91,0.0,2.49,0.609,,0.5,2.49,0.609,plan_locked,placeholder_fallen_bluestone_lintel,,
152,trilithon_lintel,present,412253.295,142190.539,47.74,0.0,5.402,1.515,,0.8,5.402,1.515,locked,placeholder_fallen_agl,,
154,trilithon_lintel,present,412246.376,142186.059,24.17,0.0,4.857,1.361,,0.8,4.857,1.361,locked,placeholder_fallen_agl,,
156,trilithon_lintel,fallen,412241.936,142192.951,67.05,0.1,4.68,0.95,,1.05,4.68,0.95,locked,pink,,
158,trilithon_lintel,present,412238.118,142196.097,58.84,0.0,5.375,1.55,,0.8,5.375,1.55,locked,placeholder_fallen_agl,,
160a,trilithon_lintel,fallen_fragment,412246.655,142199.077,-173.47,0.0,1.2,1.0,,0.8,1.2,1.0,seed_only,placeholder_fallen_agl,,
160b,trilithon_lintel,fallen_fragment,412248.146,142197.623,-173.47,0.0,1.169,1.542,,0.8,1.169,1.542,locked,placeholder_fallen_agl,,
160c,trilithon_lintel,fallen_fragment,412249.405,142195.54,15.32,0.0,1.447,1.343,,0.8,1.447,1.343,locked,placeholder_fallen_agl,,
